OTU	Pident	Accession	Domain	Supergroup	Division	Subdivision	Class	Order	Family	Genus	Species	Length
cluster60_HDZ-culi-166-S197	100.0	EF120367.1.1551	Bacteria	Firmicutes	Bacilli	Lactobacillales	Lactobacillaceae	Lactobacillus	Lactobacillus_brevis	1483
cluster17_HDZ-culi-057-S233	94.7	ADMB01000074.90.1632	Bacteria	Firmicutes	Negativicutes	Veillonellales	Selenomonadales	Selenomonadaceae	Megamonas	Megamonas_funiformis	1504
cluster0_HDZ-culi-348-S259	92.2	AB370249	Bacteria	Firmicutes	Negativicutes	Veillonellales	Veillonellaceae	Dialister	succinatiphilus	1512
cluster50_HDZ-culi-273-S313	92.8	X72865	Bacteria	Firmicutes	Negativicutes	Acidaminococcales	Acidaminococcaceae	Phascolarctobacterium	faecium	1492
cluster9_HDZ-culi-065-S4	94.2	HM990965	Bacteria	Firmicutes	Negativicutes	Veillonellales	Veillonellaceae	Megasphaera	indica	1515
cluster5_HDZ-culi-354-S177	100.0	AB596944.1.1499	Bacteria	Firmicutes	Bacilli	Lactobacillales	Leuconostocaceae	Weissella	Weissella_confusa	1487
cluster44_HDZ-culi-240-S140	100.0	MK110833	Bacteria	Firmicutes	Bacilli	Lactobacillales	Lactobacillaceae	Lacticaseibacillus	hegangensis	1450
cluster14_HDZ-culi-240-S140	99.8	NR_112541	Bacteria	Firmicutes	Bacilli	Lactobacillales	Lactobacillaceae	Paucilactobacillus	vaccinostercus	1487
cluster25_HDZ-culi-444-S296	99.9	AJ422034.1.1519	Bacteria	Firmicutes	Bacilli	Lactobacillales	Lactobacillaceae	Lactobacillus	Lactobacillus_paralimentarius	1484
cluster104_HDZ-culi-166-S197	99.8	EU487512	Bacteria	Firmicutes	Bacilli	Lactobacillales	Lactobacillaceae	Lactobacillus	taiwanensis	1483
cluster1_HDZ-culi-408-S338	99.9	LT960790.466711.468272	Bacteria	Firmicutes	Bacilli	Lactobacillales	Lactobacillaceae	Lactobacillus	Lactobacillus_sakei	1484
cluster93_HDZ-culi-224-S123	99.5	CP022609.4198416.4199967	Bacteria	Proteobacteria	Gammaproteobacteria	Enterobacterales	Enterobacteriaceae	Escherichia	Shigella	Escherichia_coli	1484
cluster99_HDZ-culi-169-S244	95.1	ADMB01000074.90.1632	Bacteria	Firmicutes	Negativicutes	Veillonellales	Selenomonadales	Selenomonadaceae	Megamonas	Megamonas_funiformis	1483
cluster9_HDZ-culi-438-S275	99.6	AB282889	Bacteria	Firmicutes	Bacilli	Lactobacillales	Lactobacillaceae	Secundilactobacillus	similis	1486
cluster1820_HDZ-culi-054-S192	94.3	237265	Bacteria	Firmicutes	Clostridia	Clostridiales	Veillonellaceae	Megamonas	hypermegale	1479
cluster1465_HDZ-culi-330-S323	92.3	X72865	Bacteria	Firmicutes	Negativicutes	Acidaminococcales	Acidaminococcaceae	Phascolarctobacterium	faecium	1481
cluster274_HDZ-culi-398-S329	92.4	X72865	Bacteria	Firmicutes	Negativicutes	Acidaminococcales	Acidaminococcaceae	Phascolarctobacterium	faecium	1481
cluster2737_HDZ-culi-097-S91	92.1	X72865	Bacteria	Firmicutes	Negativicutes	Acidaminococcales	Acidaminococcaceae	Phascolarctobacterium	faecium	1478
cluster0_HDZ-culi-364-S210	89.3	NR_113393	Bacteria	Firmicutes	Clostridia	Clostridiales	Peptococcaceae 1	Peptococcus	niger	1479
cluster71_HDZ-culi-430-S292	100.0	AB608051	Bacteria	Firmicutes	Bacilli	Lactobacillales	Lactobacillaceae	Lacticaseibacillus	nasuensis	1479
cluster26_HDZ-culi-211-S106	99.7	CP007588.458620.460201	Bacteria	Firmicutes	Bacilli	Lactobacillales	Leuconostocaceae	Weissella	Weissella_ceti	1480
cluster122_HDZ-culi-377-S287	93.7	HM990965	Bacteria	Firmicutes	Negativicutes	Veillonellales	Veillonellaceae	Megasphaera	indica	1483
cluster12_HDZ-culi-320-S131	99.0	JN175330	Bacteria	Firmicutes	Bacilli	Lactobacillales	Lactobacillaceae	Loigolactobacillus	bifermentans	1455
cluster319_HDZ-culi-377-S287	92.6	X72865	Bacteria	Firmicutes	Negativicutes	Acidaminococcales	Acidaminococcaceae	Phascolarctobacterium	faecium	1479
cluster3_HDZ-culi-438-S275	96.9	HF679038	Bacteria	Firmicutes	Bacilli	Lactobacillales	Lactobacillaceae	Lacticaseibacillus	songhuajiangensis	1448
cluster1040_HDZ-culi-182-S52	95.2	ADMB01000074.90.1632	Bacteria	Firmicutes	Negativicutes	Veillonellales	Selenomonadales	Selenomonadaceae	Megamonas	Megamonas_funiformis	1476
cluster426_HDZ-culi-192-S75	93.6	HM990965	Bacteria	Firmicutes	Negativicutes	Veillonellales	Veillonellaceae	Megasphaera	indica	1483
cluster349_HDZ-culi-308-S117	99.5	CP019721.703982.705525	Bacteria	Firmicutes	Negativicutes	Veillonellales	Selenomonadales	Veillonellaceae	Veillonella	Veillonella_parvula	1475
cluster716_HDZ-culi-317-S155	93.9	HM990965	Bacteria	Firmicutes	Negativicutes	Veillonellales	Veillonellaceae	Megasphaera	indica	1480
cluster1071_HDZ-culi-174-S247	93.5	HM990965	Bacteria	Firmicutes	Negativicutes	Veillonellales	Veillonellaceae	Megasphaera	indica	1481
cluster91_HDZ-culi-198-S88	96.7	HF679038	Bacteria	Firmicutes	Bacilli	Lactobacillales	Lactobacillaceae	Lacticaseibacillus	songhuajiangensis	1442
cluster94_HDZ-culi-437-S253	99.4	HF679038	Bacteria	Firmicutes	Bacilli	Lactobacillales	Lactobacillaceae	Lacticaseibacillus	songhuajiangensis	1442
cluster1085_HDZ-culi-097-S91	93.5	HM990965	Bacteria	Firmicutes	Negativicutes	Veillonellales	Veillonellaceae	Megasphaera	indica	1481
cluster1292_HDZ-culi-226-S124	92.9	X72865	Bacteria	Firmicutes	Negativicutes	Acidaminococcales	Acidaminococcaceae	Phascolarctobacterium	faecium	1476
cluster444_HDZ-culi-398-S329	94.3	ADMB01000074.90.1632	Bacteria	Firmicutes	Negativicutes	Veillonellales	Selenomonadales	Selenomonadaceae	Megamonas	Megamonas_funiformis	1474
cluster503_HDZ-culi-054-S192	93.9	HM990965	Bacteria	Firmicutes	Negativicutes	Veillonellales	Veillonellaceae	Megasphaera	indica	1481
cluster108_HDZ-culi-437-S253	100.0	LC436604	Bacteria	Firmicutes	Bacilli	Lactobacillales	Lactobacillaceae	Lacticaseibacillus	hulanensis	1421
cluster690_HDZ-culi-040-S187	94.0	237265	Bacteria	Firmicutes	Clostridia	Clostridiales	Veillonellaceae	Megamonas	hypermegale	1474
cluster59_HDZ-culi-405-S335	94.4	ADMB01000074.90.1632	Bacteria	Firmicutes	Negativicutes	Veillonellales	Selenomonadales	Selenomonadaceae	Megamonas	Megamonas_funiformis	1474
cluster1482_HDZ-culi-174-S247	95.0	ADMB01000074.90.1632	Bacteria	Firmicutes	Negativicutes	Veillonellales	Selenomonadales	Selenomonadaceae	Megamonas	Megamonas_funiformis	1473
cluster903_HDZ-culi-262-S165	94.2	ADMB01000074.90.1632	Bacteria	Firmicutes	Negativicutes	Veillonellales	Selenomonadales	Selenomonadaceae	Megamonas	Megamonas_funiformis	1475
cluster1628_HDZ-culi-014-S18	93.6	HM990965	Bacteria	Firmicutes	Negativicutes	Veillonellales	Veillonellaceae	Megasphaera	indica	1479
cluster1820_HDZ-culi-262-S165	94.0	ADMB01000074.90.1632	Bacteria	Firmicutes	Negativicutes	Veillonellales	Selenomonadales	Selenomonadaceae	Megamonas	Megamonas_funiformis	1473
cluster181_HDZ-culi-452-S344	99.5	CP028116.4710131.4711682	Bacteria	Proteobacteria	Gammaproteobacteria	Enterobacterales	Enterobacteriaceae	Escherichia	Shigella	Escherichia_coli	1473
cluster3774_HDZ-culi-097-S91	94.0	ADMB01000074.90.1632	Bacteria	Firmicutes	Negativicutes	Veillonellales	Selenomonadales	Selenomonadaceae	Megamonas	Megamonas_funiformis	1475
cluster33_HDZ-culi-438-S275	99.9	AF413523	Bacteria	Firmicutes	Bacilli	Lactobacillales	Lactobacillaceae	Lacticaseibacillus	pantheris	1473
cluster499_HDZ-culi-203-S203	93.6	HM990965	Bacteria	Firmicutes	Negativicutes	Veillonellales	Veillonellaceae	Megasphaera	indica	1479
cluster566_HDZ-culi-192-S75	93.8	HM990965	Bacteria	Firmicutes	Negativicutes	Veillonellales	Veillonellaceae	Megasphaera	indica	1481
cluster256_HDZ-culi-395-S272	94.5	ADMB01000074.90.1632	Bacteria	Firmicutes	Negativicutes	Veillonellales	Selenomonadales	Selenomonadaceae	Megamonas	Megamonas_funiformis	1472
cluster341_HDZ-culi-330-S323	94.4	ADMB01000074.90.1632	Bacteria	Firmicutes	Negativicutes	Veillonellales	Selenomonadales	Selenomonadaceae	Megamonas	Megamonas_funiformis	1472
cluster530_HDZ-culi-204-S249	94.5	237265	Bacteria	Firmicutes	Clostridia	Clostridiales	Veillonellaceae	Megamonas	hypermegale	1472
cluster868_HDZ-culi-054-S192	95.0	ADMB01000074.90.1632	Bacteria	Firmicutes	Negativicutes	Veillonellales	Selenomonadales	Selenomonadaceae	Megamonas	Megamonas_funiformis	1473
cluster33_HDZ-culi-322-S133	92.4	LN833202	Bacteria	Gemmatimonadetes	Longimicrobia	Longimicrobiales	Longimicrobiaceae	Longimicrobium	terrae	1417
cluster1348_HDZ-culi-219-S81	93.4	HM990965	Bacteria	Firmicutes	Negativicutes	Veillonellales	Veillonellaceae	Megasphaera	indica	1480
cluster117_HDZ-culi-373-S219	99.9	CP030347.492899.494425	Bacteria	Proteobacteria	Gammaproteobacteria	Enterobacterales	Enterobacteriaceae	Enterobacter	Enterobacter_cloacae	1471
cluster1796_HDZ-culi-087-S78	95.0	ADMB01000074.90.1632	Bacteria	Firmicutes	Negativicutes	Veillonellales	Selenomonadales	Selenomonadaceae	Megamonas	Megamonas_funiformis	1471
cluster1362_HDZ-culi-181-S74	94.9	ADMB01000074.90.1632	Bacteria	Firmicutes	Negativicutes	Veillonellales	Selenomonadales	Selenomonadaceae	Megamonas	Megamonas_funiformis	1471
cluster2423_HDZ-culi-013-S8	93.1	NR_113357	Bacteria	Firmicutes	Negativicutes	Veillonellales	Veillonellaceae	Dialister	propionicifaciens	1444
cluster2598_HDZ-culi-040-S187	88.2	KX198132	Bacteria	Bacteroidetes	Bacteroidia	Bacteroidales	Prevotellaceae	Prevotella	rara	1472
cluster3613_HDZ-culi-226-S124	94.2	237265	Bacteria	Firmicutes	Clostridia	Clostridiales	Veillonellaceae	Megamonas	hypermegale	1473
cluster92_HDZ-culi-221-S90	94.4	ADMB01000074.90.1632	Bacteria	Firmicutes	Negativicutes	Veillonellales	Selenomonadales	Selenomonadaceae	Megamonas	Megamonas_funiformis	1472
cluster223_HDZ-culi-235-S282	89.7	NR_113393	Bacteria	Firmicutes	Clostridia	Clostridiales	Peptococcaceae 1	Peptococcus	niger	1472
cluster2_HDZ-culi-433-S229	99.9	CP017065.799466.801044	Bacteria	Firmicutes	Bacilli	Lactobacillales	Lactobacillaceae	Lactobacillus	Lactobacillus_casei	1471
cluster1227_HDZ-culi-047-S190	99.9	CP022488.214128.215692	Bacteria	Firmicutes	Bacilli	Lactobacillales	Enterococcaceae	Enterococcus	Enterococcus_faecalis	1470
cluster120_HDZ-culi-336-S159	100.0	AB680486.1.1486	Bacteria	Firmicutes	Bacilli	Lactobacillales	Enterococcaceae	Enterococcus	Enterococcus_mundtii	1470
cluster467_HDZ-culi-358-S181	93.6	HM990965	Bacteria	Firmicutes	Negativicutes	Veillonellales	Veillonellaceae	Megasphaera	indica	1480
cluster571_HDZ-culi-330-S323	94.2	ADMB01000074.90.1632	Bacteria	Firmicutes	Negativicutes	Veillonellales	Selenomonadales	Selenomonadaceae	Megamonas	Megamonas_funiformis	1470
cluster690_HDZ-culi-405-S335	94.0	ADMB01000074.90.1632	Bacteria	Firmicutes	Negativicutes	Veillonellales	Selenomonadales	Selenomonadaceae	Megamonas	Megamonas_funiformis	1471
cluster580_HDZ-culi-342-S171	94.2	ADMB01000074.90.1632	Bacteria	Firmicutes	Negativicutes	Veillonellales	Selenomonadales	Selenomonadaceae	Megamonas	Megamonas_funiformis	1471
cluster1066_HDZ-culi-249-S149	95.2	ADMB01000074.90.1632	Bacteria	Firmicutes	Negativicutes	Veillonellales	Selenomonadales	Selenomonadaceae	Megamonas	Megamonas_funiformis	1471
cluster1381_HDZ-culi-250-S150	94.3	ADMB01000074.90.1632	Bacteria	Firmicutes	Negativicutes	Veillonellales	Selenomonadales	Selenomonadaceae	Megamonas	Megamonas_funiformis	1469
cluster1323_HDZ-culi-166-S197	97.5	AJDQ01000007.391439.392985	Bacteria	Firmicutes	Bacilli	Lactobacillales	Enterococcaceae	Enterococcus	Enterococcus_gilvus	1469
cluster1413_HDZ-culi-264-S167	94.6	ADMB01000074.90.1632	Bacteria	Firmicutes	Negativicutes	Veillonellales	Selenomonadales	Selenomonadaceae	Megamonas	Megamonas_funiformis	1469
cluster1920_HDZ-culi-063-S1	94.8	ADMB01000074.90.1632	Bacteria	Firmicutes	Negativicutes	Veillonellales	Selenomonadales	Selenomonadaceae	Megamonas	Megamonas_funiformis	1469
cluster15_HDZ-culi-444-S296	99.9	AB894864	Bacteria	Firmicutes	Bacilli	Lactobacillales	Lactobacillaceae	Secundilactobacillus	mixtipabuli	1469
cluster3300_HDZ-culi-097-S91	93.6	HM990965	Bacteria	Firmicutes	Negativicutes	Veillonellales	Veillonellaceae	Megasphaera	indica	1479
cluster20_HDZ-culi-452-S344	99.7	CP021874.988009.989548	Bacteria	Firmicutes	Bacilli	Lactobacillales	Enterococcaceae	Enterococcus	Enterococcus_wangshanyuanii	1469
cluster68_HDZ-culi-328-S158	94.7	237265	Bacteria	Firmicutes	Clostridia	Clostridiales	Veillonellaceae	Megamonas	hypermegale	1470
cluster58_HDZ-culi-091-S236	94.2	ADMB01000074.90.1632	Bacteria	Firmicutes	Negativicutes	Veillonellales	Selenomonadales	Selenomonadaceae	Megamonas	Megamonas_funiformis	1472
cluster195_HDZ-culi-429-E1-S355	99.7	AJAL01000010.332068.333614	Bacteria	Firmicutes	Bacilli	Lactobacillales	Enterococcaceae	Enterococcus	Enterococcus_raffinosus	1469
cluster302_HDZ-culi-452-S344	99.7	NR_114015	Bacteria	Firmicutes	Bacilli	Lactobacillales	Enterococcaceae	Enterococcus	thailandicus	1470
cluster778_HDZ-culi-264-S167	93.6	HM990965	Bacteria	Firmicutes	Negativicutes	Veillonellales	Veillonellaceae	Megasphaera	indica	1479
cluster8_HDZ-culi-438-S275	99.4	MK110842	Bacteria	Firmicutes	Bacilli	Lactobacillales	Lactobacillaceae	Lacticaseibacillus	daqingensis	1427
cluster118_HDZ-culi-430-S292	100.0	AP018405.1935677.1937223	Bacteria	Firmicutes	Bacilli	Lactobacillales	Lactobacillaceae	Lactobacillus	Lactobacillus_plantarum	1468
cluster11_HDZ-culi-249-S149	94.8	ADMB01000074.90.1632	Bacteria	Firmicutes	Negativicutes	Veillonellales	Selenomonadales	Selenomonadaceae	Megamonas	Megamonas_funiformis	1468
cluster1224_HDZ-culi-442-S294	95.2	ADMB01000074.90.1632	Bacteria	Firmicutes	Negativicutes	Veillonellales	Selenomonadales	Selenomonadaceae	Megamonas	Megamonas_funiformis	1468
cluster1812_HDZ-culi-184-S248	94.4	ADMB01000074.90.1632	Bacteria	Firmicutes	Negativicutes	Veillonellales	Selenomonadales	Selenomonadaceae	Megamonas	Megamonas_funiformis	1468
cluster1514_HDZ-culi-085-S92	94.8	ADMB01000074.90.1632	Bacteria	Firmicutes	Negativicutes	Veillonellales	Selenomonadales	Selenomonadaceae	Megamonas	Megamonas_funiformis	1468
cluster146_HDZ-culi-433-S229	100.0	AJAP01000025.1.1531	Bacteria	Firmicutes	Bacilli	Lactobacillales	Enterococcaceae	Enterococcus	Enterococcus_asini	1468
cluster28_HDZ-culi-357-S180	93.6	HM990965	Bacteria	Firmicutes	Negativicutes	Veillonellales	Veillonellaceae	Megasphaera	indica	1478
cluster451_HDZ-culi-042-S188	94.3	ADMB01000074.90.1632	Bacteria	Firmicutes	Negativicutes	Veillonellales	Selenomonadales	Selenomonadaceae	Megamonas	Megamonas_funiformis	1468
cluster679_HDZ-culi-245-S145	94.5	ADMB01000074.90.1632	Bacteria	Firmicutes	Negativicutes	Veillonellales	Selenomonadales	Selenomonadaceae	Megamonas	Megamonas_funiformis	1469
cluster338_HDZ-culi-452-S344	99.9	ASWD01000005.370418.371964	Bacteria	Firmicutes	Bacilli	Lactobacillales	Enterococcaceae	Enterococcus	Enterococcus_pallens	1468
cluster217_HDZ-culi-336-S159	100.0	AB680105.1.1484	Bacteria	Firmicutes	Bacilli	Lactobacillales	Enterococcaceae	Enterococcus	Enterococcus_casseliflavus	1468
cluster925_HDZ-culi-249-S149	95.0	ADMB01000074.90.1632	Bacteria	Firmicutes	Negativicutes	Veillonellales	Selenomonadales	Selenomonadaceae	Megamonas	Megamonas_funiformis	1469
cluster7_HDZ-culi-430-S292	99.7	660032	Bacteria	Firmicutes	Bacilli	Lactobacillales	Lactobacillaceae	Lactobacillus	manihotivorans	1458
cluster116_HDZ-culi-438-S275	98.9	EU678893	Bacteria	Firmicutes	Bacilli	Lactobacillales	Lactobacillaceae	Secundilactobacillus	kimchicus	1467
cluster1821_HDZ-culi-330-S323	94.2	237265	Bacteria	Firmicutes	Clostridia	Clostridiales	Veillonellaceae	Megamonas	hypermegale	1471
cluster1907_HDZ-culi-184-S248	94.7	ADMB01000074.90.1632	Bacteria	Firmicutes	Negativicutes	Veillonellales	Selenomonadales	Selenomonadaceae	Megamonas	Megamonas_funiformis	1469
cluster64_HDZ-culi-087-S78	93.8	HM990965	Bacteria	Firmicutes	Negativicutes	Veillonellales	Veillonellaceae	Megasphaera	indica	1479
cluster1676_HDZ-culi-252-S152	93.5	HM990965	Bacteria	Firmicutes	Negativicutes	Veillonellales	Veillonellaceae	Megasphaera	indica	1478
cluster2646_HDZ-culi-241-S141	94.3	ADMB01000074.90.1632	Bacteria	Firmicutes	Negativicutes	Veillonellales	Selenomonadales	Selenomonadaceae	Megamonas	Megamonas_funiformis	1469
cluster57_HDZ-culi-088-S234	94.3	ADMB01000074.90.1632	Bacteria	Firmicutes	Negativicutes	Veillonellales	Selenomonadales	Selenomonadaceae	Megamonas	Megamonas_funiformis	1467
cluster294_HDZ-culi-240-S140	99.9	MK110834	Bacteria	Firmicutes	Bacilli	Lactobacillales	Lactobacillaceae	Lacticaseibacillus	suibinensis	1438
cluster692_HDZ-culi-444-S296	95.4	ADMB01000074.90.1632	Bacteria	Firmicutes	Negativicutes	Veillonellales	Selenomonadales	Selenomonadaceae	Megamonas	Megamonas_funiformis	1468
cluster1633_HDZ-culi-327-S138	93.9	237265	Bacteria	Firmicutes	Clostridia	Clostridiales	Veillonellaceae	Megamonas	hypermegale	1469
cluster2349_HDZ-culi-317-S155	86.4	NR_113231	Bacteria	Firmicutes	Clostridia	Clostridiales	Lachnospiraceae	Blautia	glucerasea	1466
cluster2642_HDZ-culi-184-S248	94.5	ADMB01000074.90.1632	Bacteria	Firmicutes	Negativicutes	Veillonellales	Selenomonadales	Selenomonadaceae	Megamonas	Megamonas_funiformis	1469
cluster1234_HDZ-culi-250-S150	94.4	ADMB01000074.90.1632	Bacteria	Firmicutes	Negativicutes	Veillonellales	Selenomonadales	Selenomonadaceae	Megamonas	Megamonas_funiformis	1467
cluster1977_HDZ-culi-437-S253	99.0	CP014229.562925.564478	Bacteria	Desulfobacterota	Desulfovibrionia	Desulfovibrionales	Desulfovibrionaceae	Desulfovibrio	Desulfovibrio_fairfieldensis	1464
cluster1838_HDZ-culi-230-S277	83.7	LT558846	Bacteria	Bacteroidetes	Bacteroidia	Bacteroidales	Prevotellaceae	Marseilla	massiliensis	1460
cluster2617_HDZ-culi-040-S187	94.4	ADMB01000074.90.1632	Bacteria	Firmicutes	Negativicutes	Veillonellales	Selenomonadales	Selenomonadaceae	Megamonas	Megamonas_funiformis	1468
cluster2309_HDZ-culi-354-S177	94.7	ADMB01000074.90.1632	Bacteria	Firmicutes	Negativicutes	Veillonellales	Selenomonadales	Selenomonadaceae	Megamonas	Megamonas_funiformis	1463
cluster1793_HDZ-culi-184-S248	89.0	NR_113097	Bacteria	Bacteroidetes	Bacteroidia	Bacteroidales	Prevotellaceae	Prevotella	buccae	1461
cluster4805_HDZ-culi-097-S91	90.9	AJ428553	Bacteria	Firmicutes	Clostridia	Clostridiales	Lachnospiraceae	Butyrivibrio	hungatei	1461
cluster1656_HDZ-culi-224-S123	99.9	AB626129.1.1475	Bacteria	Firmicutes	Bacilli	Staphylococcales	Staphylococcaceae	Staphylococcus	Staphylococcus_xylosus	1461
cluster80_HDZ-culi-365-S211	100.0	LT629783.2341687.2343227	Bacteria	Proteobacteria	Gammaproteobacteria	Pseudomonadales	Pseudomonadaceae	Pseudomonas	Pseudomonas_fragi	1460
cluster1515_HDZ-culi-166-S197	100.0	HM218546.1.1456	Bacteria	Firmicutes	Bacilli	Lactobacillales	Enterococcaceae	Enterococcus	Enterococcus_faecium	1456
cluster1812_HDZ-culi-308-S117	99.7	EU888120	Bacteria	Firmicutes	Bacilli	Bacillales	Staphylococcaceae	Staphylococcus	microti	1459
cluster112_HDZ-culi-429-E1-S355b	99.9	CP014609.3129654.3131217	Bacteria	Firmicutes	Bacilli	Bacillales	Planococcaceae	Solibacillus	Solibacillus_silvestris	1458
cluster618_HDZ-culi-450-S322	99.6	358229	Bacteria	Proteobacteria	Gammaproteobacteria	Enterobacteriales	Enterobacteriaceae	Rahnella	aquatilis	1459
cluster13_HDZ-culi-089-S64	99.9	EU085557	Bacteria	Proteobacteria	Gammaproteobacteria	Aeromonadales	Aeromonadaceae	Aeromonas	dhakensis	1457
cluster1308_HDZ-culi-373-S219	99.6	3940564	Bacteria	Proteobacteria	Gammaproteobacteria	Enterobacteriales	Enterobacteriaceae	Rahnella	aquatilis	1457
cluster356_HDZ-culi-224-S123	100.0	AB596941.1.1472	Bacteria	Firmicutes	Bacilli	Lactobacillales	Leuconostocaceae	Leuconostoc	Leuconostoc_lactis	1457
cluster2581_HDZ-culi-258-S162	99.4	FJ796245	Bacteria	Proteobacteria	Gammaproteobacteria	Enterobacterales	Morganellaceae	Proteus	cibarius	1457
cluster675_HDZ-culi-452-S344	98.4	455671	Bacteria	Firmicutes	Bacilli	Lactobacillales	Streptococcaceae	Lactococcus	garvieae	1463
cluster1029_HDZ-culi-452-S344	96.5	CP010423.2935767.2937320	Bacteria	Proteobacteria	Gammaproteobacteria	Enterobacterales	Budviciaceae	Pragia	Pragia_fontium	1456
cluster2661_HDZ-culi-408-S338	87.9	LT631514	Bacteria	Firmicutes	Clostridia	Clostridiales	Christensenellaceae	Beduinibacterium	massiliense	1456
cluster1099_HDZ-culi-396-S273	99.5	CP023478.4459573.4461100	Bacteria	Proteobacteria	Gammaproteobacteria	Enterobacterales	Enterobacteriaceae	Enterobacter	Klebsiella_quasipneumoniae	1457
cluster2249_HDZ-culi-272-S312	99.7	KU598846.1.1507	Bacteria	Proteobacteria	Gammaproteobacteria	Enterobacterales	Morganellaceae	Morganella	Morganella_morganii	1457
cluster277_HDZ-culi-322-S133	90.2	MF363155	Bacteria	Gemmatimonadetes	Gemmatimonadetes	Gemmatimonadales	Gemmatimonadaceae	Roseisolibacter	agri	1456
cluster3209_HDZ-culi-184-S248	90.5	AJ428553	Bacteria	Firmicutes	Clostridia	Clostridiales	Lachnospiraceae	Butyrivibrio	hungatei	1458
cluster3512_HDZ-culi-350-S174	92.8	NR_114705	Bacteria	Proteobacteria	Gammaproteobacteria	Enterobacterales	Pectobacteriaceae	Brenneria	alni	1459
cluster901_HDZ-culi-250-S150	94.5	237265	Bacteria	Firmicutes	Clostridia	Clostridiales	Veillonellaceae	Megamonas	hypermegale	1457
cluster4950_HDZ-culi-065-S4	92.2	LT615363	Bacteria	Proteobacteria	Deltaproteobacteria	Desulfovibrionales	Desulfovibrionaceae	Mailhella	massiliensis	1456
cluster4019_HDZ-culi-219-S81	99.2	CP023529.2260756.2262304	Bacteria	Proteobacteria	Gammaproteobacteria	Enterobacterales	Enterobacteriaceae	Enterobacter	Lelliottia_amnigena	1456
cluster1034_HDZ-culi-089-S64	98.8	NZ_RAHI01000055.1	Bacteria	Proteobacteria	Gammaproteobacteria	Enterobacterales	Yersiniaceae	Rahnella	variigena	1455
cluster1031_HDZ-culi-381-S327	99.7	U90758.1.1475	Bacteria	Proteobacteria	Gammaproteobacteria	Enterobacterales	Yersiniaceae	Serratia	Rahnella_inusitata	1455
cluster104_HDZ-culi-021-S7	99.6	MRWE01000064	Bacteria	Proteobacteria	Gammaproteobacteria	Enterobacterales	Yersiniaceae	Rouxiella	badensis	1455
cluster110_HDZ-culi-372-S218	99.6	AJ233417	Bacteria	Proteobacteria	Gammaproteobacteria	Enterobacterales	Erwiniaceae	Erwinia	rhapontici	1455
cluster1181_HDZ-culi-430-S292	100.0	CP029133.3139579.3141107	Bacteria	Proteobacteria	Gammaproteobacteria	Enterobacterales	Morganellaceae	Proteus	Proteus_mirabilis	1455
cluster1302_HDZ-culi-269-S309	99.7	CP023965.722550.724102	Bacteria	Proteobacteria	Gammaproteobacteria	Enterobacterales	Morganellaceae	Proteus	Proteus_vulgaris	1455
cluster1314_HDZ-culi-390-S267	100.0	4480725	Bacteria	Proteobacteria	Gammaproteobacteria	Enterobacteriales	Enterobacteriaceae	Rahnella	aquatilis	1455
cluster1550_HDZ-culi-269-S309	100.0	CP025933.3703441.3704987	Bacteria	Proteobacteria	Gammaproteobacteria	Enterobacterales	Morganellaceae	Morganella	Morganella_morganii	1455
cluster2645_HDZ-culi-250-S150	90.1	KX198132	Bacteria	Bacteroidetes	Bacteroidia	Bacteroidales	Prevotellaceae	Prevotella	rara	1458
cluster173_HDZ-culi-310-S119	99.7	JN104029	Bacteria	Proteobacteria	Betaproteobacteria	Neisseriales	Neisseriaceae	Neisseria	oralis	1455
cluster2577_HDZ-culi-272-S312	99.7	CP020820.3232189.3233741	Bacteria	Proteobacteria	Gammaproteobacteria	Enterobacterales	Erwiniaceae	Pantoea	Pantoea_vagans	1455
cluster2952_HDZ-culi-310-S119	99.9	4430842	Bacteria	Proteobacteria	Betaproteobacteria	Neisseriales	Neisseriaceae	Neisseria	canis	1455
cluster3389_HDZ-culi-166-S197	99.4	CP029736.1860735.1862276	Bacteria	Proteobacteria	Gammaproteobacteria	Enterobacterales	Morganellaceae	Providencia	Providencia_rettgeri	1455
cluster3517_HDZ-culi-224-S123	99.9	AB273745.1.1489	Bacteria	Proteobacteria	Gammaproteobacteria	Enterobacterales	Yersiniaceae	Serratia	Ewingella_americana	1455
cluster913_HDZ-culi-089-S64	99.9	CP014070.70116.71667	Bacteria	Proteobacteria	Gammaproteobacteria	Enterobacterales	Enterobacteriaceae	Citrobacter	Citrobacter_amalonaticus	1455
cluster1008_HDZ-culi-396-S273	99.9	CP017184.4479915.4481470	Bacteria	Proteobacteria	Gammaproteobacteria	Enterobacterales	Enterobacteriaceae	Enterobacter	Enterobacter_roggenkampii	1454
cluster1103_HDZ-culi-089-S64	99.1	KF057941	Bacteria	Proteobacteria	Gammaproteobacteria	Enterobacterales	Enterobacteriaceae	Pseudocitrobacter	faecalis	1454
cluster1137_HDZ-culi-396-S273	99.4	4415622	Bacteria	Proteobacteria	Gammaproteobacteria	Enterobacteriales	Enterobacteriaceae	Trabulsiella	farmeri	1454
cluster1254_HDZ-culi-430-S292	99.9	CP032184.731279.732830	Bacteria	Proteobacteria	Gammaproteobacteria	Enterobacterales	Enterobacteriaceae	Citrobacter	Citrobacter_freundii	1454
cluster1362_HDZ-culi-450-S322	99.6	CP025757.61667.63222	Bacteria	Proteobacteria	Gammaproteobacteria	Enterobacterales	Enterobacteriaceae	Citrobacter	Citrobacter_freundii	1454
cluster1439_HDZ-culi-450-S322	100.0	CP016889.1718106.1719657	Bacteria	Proteobacteria	Gammaproteobacteria	Enterobacterales	Erwiniaceae	Pantoea	Pantoea_agglomerans	1454
cluster2396_HDZ-culi-253-S153	99.4	CP022114.3972006.3973553	Bacteria	Proteobacteria	Gammaproteobacteria	Enterobacterales	Enterobacteriaceae	Kluyvera	Kluyvera_georgiana	1454
cluster2508_HDZ-culi-272-S312	100.0	CP014207.1151684.1153233	Bacteria	Proteobacteria	Gammaproteobacteria	Enterobacterales	Erwiniaceae	Pantoea	Pantoea_ananatis	1454
cluster3291_HDZ-culi-224-S123	98.6	AJ233400	Bacteria	Proteobacteria	Gammaproteobacteria	Enterobacterales	Enterobacteriaceae	Buttiauxella	agrestis	1454
cluster3312_HDZ-culi-314-S126	99.9	AP014951.1052006.1053548	Bacteria	Proteobacteria	Gammaproteobacteria	Enterobacterales	Enterobacteriaceae	Enterobacter	Klebsiella_oxytoca	1454
cluster5639_HDZ-culi-326-S137	99.9	CP025631.115357.116906	Bacteria	Proteobacteria	Gammaproteobacteria	Enterobacterales	Enterobacteriaceae	Klebsiella	Klebsiella_pneumoniae	1454
cluster651_HDZ-culi-372-S218	99.0	LN624761	Bacteria	Proteobacteria	Gammaproteobacteria	Enterobacterales	Erwiniaceae	Erwinia	endophytica	1442
cluster1156_HDZ-culi-389-S266	99.6	AB681773	Bacteria	Proteobacteria	Gammaproteobacteria	Enterobacterales	Erwiniaceae	Erwinia	aphidicola	1453
cluster1314_HDZ-culi-373-S219	100.0	CP014017.1740050.1741594	Bacteria	Proteobacteria	Gammaproteobacteria	Enterobacterales	Yersiniaceae	Serratia	Serratia_liquefaciens	1453
cluster1428_HDZ-culi-373-S219	99.6	KF228926.1.1502	Bacteria	Proteobacteria	Gammaproteobacteria	Enterobacterales	Enterobacteriaceae	Enterobacter	Enterobacter_cloacae	1453
cluster1684_HDZ-culi-392-S269	99.9	KY548925	Bacteria	Firmicutes	Bacilli	Lactobacillales	Streptococcaceae	Lactococcus	petauri	1453
cluster1439_HDZ-culi-350-S174	94.8	678690	Bacteria	Firmicutes	Bacilli	Lactobacillales	Aerococcaceae	Abiotrophia	defectiva	1457
cluster2380_HDZ-culi-026-S15	99.9	CP007607.5369320.5370858	Bacteria	Firmicutes	Bacilli	Bacillales	Bacillaceae	Bacillus	Bacillus_thuringiensis	1453
cluster4133_HDZ-culi-241-S141	98.2	CP029128.3623863.3625390	Bacteria	Proteobacteria	Gammaproteobacteria	Enterobacterales	Enterobacteriaceae	Enterobacter	Klebsiella_oxytoca	1453
cluster7557_HDZ-culi-013-S8	99.7	CP023536.618667.620209	Bacteria	Proteobacteria	Gammaproteobacteria	Enterobacterales	Morganellaceae	Providencia	Providencia_alcalifaciens	1453
cluster857_HDZ-culi-336-S159	99.9	4317943	Bacteria	Proteobacteria	Gammaproteobacteria	Enterobacteriales	Enterobacteriaceae	Escherichia	hermannii	1454
cluster1036_HDZ-culi-396-S273	99.6	CP014071.385139.386688	Bacteria	Proteobacteria	Gammaproteobacteria	Enterobacterales	Enterobacteriaceae	Enterobacter	Klebsiella_quasipneumoniae	1452
cluster106_HDZ-culi-373-S219	99.0	AGDK01000025.295.1822	Bacteria	Proteobacteria	Gammaproteobacteria	Enterobacterales	Enterobacteriaceae	Klebsiella	Klebsiella_oxytoca	1452
cluster115_HDZ-culi-211-S106	99.9	1626578	Bacteria	Proteobacteria	Gammaproteobacteria	Enterobacteriales	Enterobacteriaceae	Klebsiella	oxytoca	1452
cluster1164_HDZ-culi-381-S327	99.7	AF310218	Bacteria	Proteobacteria	Gammaproteobacteria	Enterobacterales	Enterobacteriaceae	Kluyvera	cryocrescens	1450
cluster1659_HDZ-culi-269-S309	93.3	NR_114705	Bacteria	Proteobacteria	Gammaproteobacteria	Enterobacterales	Pectobacteriaceae	Brenneria	alni	1456
cluster1757_HDZ-culi-342-S171	99.9	CP018628.4433767.4435289	Bacteria	Proteobacteria	Gammaproteobacteria	Enterobacterales	Enterobacteriaceae	Lelliottia	Lelliottia_jeotgali	1452
cluster1624_HDZ-culi-047-S190	92.0	AGZQ01000017.129.1643	Bacteria	Bacteroidota	Bacteroidia	Bacteroidales	Tannerellaceae	Parabacteroides	Parabacteroides_merdae	1454
cluster1323_HDZ-culi-089-S64	100.0	CP018785.2743728.2745242	Bacteria	Proteobacteria	Gammaproteobacteria	Enterobacterales	Enterobacteriaceae	Enterobacter	Enterobacter_cloacae	1452
cluster1907_HDZ-culi-089-S64	99.9	183258	Bacteria	Proteobacteria	Gammaproteobacteria	Enterobacteriales	Enterobacteriaceae	Enterobacter	ludwigii	1452
cluster302_HDZ-culi-373-S219	99.4	CP015774.913338.914891	Bacteria	Proteobacteria	Gammaproteobacteria	Enterobacterales	Enterobacteriaceae	Enterobacter	Lelliottia_amnigena	1452
cluster3347_HDZ-culi-258-S162	98.6	CP023965.758911.760462	Bacteria	Proteobacteria	Gammaproteobacteria	Enterobacterales	Morganellaceae	Proteus	Proteus_vulgaris	1454
cluster2331_HDZ-culi-065-S4	96.1	NR_113231	Bacteria	Firmicutes	Clostridia	Clostridiales	Lachnospiraceae	Blautia	glucerasea	1451
cluster1360_HDZ-culi-408-S338	92.1	MK439508	Bacteria	Firmicutes	Clostridia	Clostridiales	Lachnospiraceae	Anaerotignum	faecicola	1452
cluster278_HDZ-culi-322-S133	90.6	MF363155	Bacteria	Gemmatimonadetes	Gemmatimonadetes	Gemmatimonadales	Gemmatimonadaceae	Roseisolibacter	agri	1451
cluster787_HDZ-culi-389-S266	100.0	AB681815.1.1475	Bacteria	Firmicutes	Bacilli	Lactobacillales	Leuconostocaceae	Leuconostoc	Leuconostoc_citreum	1452
cluster1315_HDZ-culi-384-S261	98.3	DQ851143.1.1540	Bacteria	Proteobacteria	Gammaproteobacteria	Pasteurellales	Pasteurellaceae	Haemophilus	Haemophilus_simiae	1450
cluster3603_HDZ-culi-224-S123	100.0	EU036987	Bacteria	Proteobacteria	Gammaproteobacteria	Enterobacterales	Yersiniaceae	Serratia	nematodiphila	1451
cluster588_HDZ-culi-452-S344	99.7	LT599049.2198175.2199709	Bacteria	Firmicutes	Bacilli	Lactobacillales	Streptococcaceae	Lactococcus	Lactococcus_lactis	1450
cluster224_HDZ-culi-322-S133	90.4	4416538	Bacteria	Proteobacteria	Betaproteobacteria	Burkholderiales	Comamonadaceae	Methylibium	petroleiphilum	1450
cluster80_HDZ-culi-311-S120	93.8	CP001607.1920301.1921827	Bacteria	Proteobacteria	Gammaproteobacteria	Pasteurellales	Pasteurellaceae	Aggregatibacter	Aggregatibacter_aphrophilus	1450
cluster10094_HDZ-culi-321-S132	97.1	NR_117778	Bacteria	Proteobacteria	Betaproteobacteria	Burkholderiales	Sutterellaceae	Sutterella	wadsworthensis	1436
cluster1270_HDZ-culi-381-S327	99.9	2491382	Bacteria	Proteobacteria	Gammaproteobacteria	Pseudomonadales	Pseudomonadaceae	Pseudomonas	viridiflava	1449
cluster2741_HDZ-culi-308-S117	98.9	DQ851143.1.1540	Bacteria	Proteobacteria	Gammaproteobacteria	Pasteurellales	Pasteurellaceae	Haemophilus	Haemophilus_simiae	1449
cluster1469_HDZ-culi-450-S322	99.9	AJ492829	Bacteria	Proteobacteria	Gammaproteobacteria	Pseudomonadales	Pseudomonadaceae	Pseudomonas	poae	1449
cluster3093_HDZ-culi-319-S157	98.2	LT576405	Bacteria	Proteobacteria	Betaproteobacteria	Burkholderiales	Sutterellaceae	Duodenibacillus	massiliensis	1449
cluster3236_HDZ-culi-088-S234	99.9	CP010350.1666491.1668035	Bacteria	Proteobacteria	Gammaproteobacteria	Pseudomonadales	Moraxellaceae	Acinetobacter	Acinetobacter_johnsonii	1449
cluster1302_HDZ-culi-396-S273	100.0	AF255337.1.1492	Bacteria	Proteobacteria	Gammaproteobacteria	Pseudomonadales	Pseudomonadaceae	Pseudomonas	Pseudomonas_reactans	1449
cluster341_HDZ-culi-322-S133	93.4	KU379667	Bacteria	Bacteroidetes	Chitinophagia	Chitinophagales	Chitinophagaceae	Pseudoflavitalea	rhizosphaerae	1449
cluster1448_HDZ-culi-437-S253	91.7	1105211	Bacteria	Firmicutes	Clostridia	Clostridiales	Lachnospiraceae	Blautia	producta	1448
cluster5_HDZ-culi-046-S48	99.9	CP014947.4780669.4782215	Bacteria	Proteobacteria	Gammaproteobacteria	Pseudomonadales	Pseudomonadaceae	Pseudomonas	Pseudomonas_koreensis	1449
cluster859_HDZ-culi-375-S285	96.8	DQ851143.1.1540	Bacteria	Proteobacteria	Gammaproteobacteria	Pasteurellales	Pasteurellaceae	Haemophilus	Haemophilus_simiae	1449
cluster1596_HDZ-culi-430-S292	92.1	146665	Bacteria	Firmicutes	Erysipelotrichi	Erysipelotrichales	Erysipelotrichaceae	[Eubacterium]	biforme	1460
cluster2795_HDZ-culi-318-S156	99.9	AB490809	Bacteria	Firmicutes	Clostridia	Clostridiales	Christensenellaceae	Christensenella	minuta	1448
cluster2632_HDZ-culi-314-S126	81.1	CP015402.2294917.2296466	Bacteria	Bacteroidota	Bacteroidia	Bacteroidales	Muribaculaceae	Muribaculum	Muribaculum_intestinale	1466
cluster2213_HDZ-culi-047-S190	88.5	NR_113097	Bacteria	Bacteroidetes	Bacteroidia	Bacteroidales	Prevotellaceae	Prevotella	buccae	1448
cluster1229_HDZ-culi-202-E1-S348	89.7	LT558849	Bacteria	Firmicutes	Clostridia	Clostridiales	Ruminococcaceae	Phocea	massiliensis	1447
cluster433_HDZ-culi-322-S133	97.6	NR_114134	Bacteria	Proteobacteria	Betaproteobacteria	Burkholderiales	Oxalobacteraceae	Janthinobacterium	agaricidamnosum	1449
cluster2398_HDZ-culi-037-S186	88.8	NR_113097	Bacteria	Bacteroidetes	Bacteroidia	Bacteroidales	Prevotellaceae	Prevotella	buccae	1447
cluster2324_HDZ-culi-437-S253	93.4	158939	Bacteria	Firmicutes	Clostridia	Clostridiales	Lachnospiraceae	Blautia	producta	1446
cluster228_HDZ-culi-322-S133	91.5	AB548216	Bacteria	Proteobacteria	Gammaproteobacteria	Nevskiales	Steroidobacteraceae	Povalibacter	uvarum	1446
cluster434_HDZ-culi-322-S133	95.1	NR_164980.1	Bacteria	Bacteroidetes	Chitinophagia	Chitinophagales	Chitinophagaceae	Flavisolibacter	galbus	1443
cluster3042_HDZ-culi-408-S338	89.0	LT558849	Bacteria	Firmicutes	Clostridia	Clostridiales	Ruminococcaceae	Phocea	massiliensis	1447
cluster4382_HDZ-culi-169-S244	83.9	MK521458	Bacteria	Bacteroidetes	Bacteroidia	Bacteroidales	Muribaculaceae	Duncaniella	dubosii	1452
cluster3244_HDZ-culi-028-S16	96.4	NR_074809	Bacteria	Firmicutes	Clostridia	Clostridiales	Lachnospiraceae	Roseburia	hominis	1446
cluster4439_HDZ-culi-060-S80	86.6	HM120211	Bacteria	Firmicutes	Clostridia	Clostridiales	Lachnospiraceae	Oribacterium	asaccharolyticum	1438
cluster76_HDZ-culi-322-S133	97.5	CP015118.5703155.5704693	Bacteria	Proteobacteria	Gammaproteobacteria	Burkholderiales	Comamonadaceae	Rhizobacter	Rhizobacter_gummiphilus	1446
cluster3575_HDZ-culi-254-S154	83.8	CP015402.2294917.2296466	Bacteria	Bacteroidota	Bacteroidia	Bacteroidales	Muribaculaceae	Muribaculum	Muribaculum_intestinale	1456
cluster3583_HDZ-culi-350-S174	81.6	CP015402.2371054.2372602	Bacteria	Bacteroidota	Bacteroidia	Bacteroidales	Muribaculaceae	Muribaculum	Muribaculum_intestinale	1454
cluster3501_HDZ-culi-229-S130	99.3	AY724678	Bacteria	Firmicutes	Clostridia	Clostridiales	Ruminococcaceae	Flavonifractor	plautii	1445
cluster362_HDZ-culi-322-S133	93.7	KU379667	Bacteria	Bacteroidetes	Chitinophagia	Chitinophagales	Chitinophagaceae	Pseudoflavitalea	rhizosphaerae	1445
cluster4372_HDZ-culi-350-S174	88.6	157201	Bacteria	Bacteroidetes	Bacteroidia	Bacteroidales	Bacteroidaceae	Bacteroides	barnesiae	1447
cluster3753_HDZ-culi-262-S165	99.6	APQT01000020.155727.157252	Bacteria	Proteobacteria	Gammaproteobacteria	Pseudomonadales	Moraxellaceae	Acinetobacter	Acinetobacter_lwoffii	1445
cluster5069_HDZ-culi-060-S80	88.2	NR_113097	Bacteria	Bacteroidetes	Bacteroidia	Bacteroidales	Prevotellaceae	Prevotella	buccae	1446
cluster413_HDZ-culi-322-S133	96.7	AB074523.1.1498	Bacteria	Proteobacteria	Gammaproteobacteria	Burkholderiales	Oxalobacteraceae	[Aquaspirillum]_arcticum_group	Aquaspirillum_arcticum	1447
cluster1368_HDZ-culi-370-S216	81.6	CP015402.2294917.2296466	Bacteria	Bacteroidota	Bacteroidia	Bacteroidales	Muribaculaceae	Muribaculum	Muribaculum_intestinale	1458
cluster10724_HDZ-culi-020-S12	83.1	CP015402.2371054.2372602	Bacteria	Bacteroidota	Bacteroidia	Bacteroidales	Muribaculaceae	Muribaculum	Muribaculum_intestinale	1459
cluster2734_HDZ-culi-437-S253	82.9	CP015402.2294917.2296466	Bacteria	Bacteroidota	Bacteroidia	Bacteroidales	Muribaculaceae	Muribaculum	Muribaculum_intestinale	1460
cluster352_HDZ-culi-322-S133	93.9	KU379667	Bacteria	Bacteroidetes	Chitinophagia	Chitinophagales	Chitinophagaceae	Pseudoflavitalea	rhizosphaerae	1444
cluster4255_HDZ-culi-252-S152	86.9	NR_113097	Bacteria	Bacteroidetes	Bacteroidia	Bacteroidales	Prevotellaceae	Prevotella	buccae	1448
cluster504_HDZ-culi-322-S133	95.1	KP231287	Bacteria	Bacteroidetes	Chitinophagia	Chitinophagales	Chitinophagaceae	Flavisolibacter	metallilatus	1428
cluster2085_HDZ-culi-269-S309	99.4	4326687	Bacteria	Bacteroidetes	Bacteroidia	Bacteroidales	Prevotellaceae	Prevotella	copri	1443
cluster4460_HDZ-culi-196-S76	86.4	HM120211	Bacteria	Firmicutes	Clostridia	Clostridiales	Lachnospiraceae	Oribacterium	asaccharolyticum	1445
cluster10282_HDZ-culi-020-S12	86.6	LT576394	Bacteria	Bacteroidetes	Bacteroidia	Bacteroidales	Prevotellaceae	Prevotellamassilia	timonensis	1446
cluster4363_HDZ-culi-167-S198	99.2	4385666	Bacteria	Bacteroidetes	Bacteroidia	Bacteroidales	Prevotellaceae	Prevotella	copri	1443
cluster458_HDZ-culi-322-S133	98.5	GQ339897	Bacteria	Bacteroidetes	Chitinophagia	Chitinophagales	Chitinophagaceae	Flavisolibacter	ginsenosidimutans	1422
cluster1241_HDZ-culi-211-S106	99.2	4326687	Bacteria	Bacteroidetes	Bacteroidia	Bacteroidales	Prevotellaceae	Prevotella	copri	1442
cluster4115_HDZ-culi-354-S177	91.1	LC423447	Bacteria	Firmicutes	Clostridia	Clostridiales	Lachnospiraceae	Mediterraneibacter	butyricigenes	1445
cluster1228_HDZ-culi-314-S126	87.6	2559579	Bacteria	Firmicutes	Clostridia	Clostridiales	Lachnospiraceae	Clostridium	clostridioforme	1445
cluster2302_HDZ-culi-091-S236	99.7	245767	Bacteria	Bacteroidetes	Bacteroidia	Bacteroidales	Prevotellaceae	Prevotella	copri	1442
cluster2544_HDZ-culi-311-S120	87.1	2559579	Bacteria	Firmicutes	Clostridia	Clostridiales	Lachnospiraceae	Clostridium	clostridioforme	1445
cluster3025_HDZ-culi-319-S157	95.4	NR_113231	Bacteria	Firmicutes	Clostridia	Clostridiales	Lachnospiraceae	Blautia	glucerasea	1443
cluster9613_HDZ-culi-226-S124	86.5	AF481205.1.1486	Bacteria	Bacteroidota	Bacteroidia	Bacteroidales	Rikenellaceae	Rikenellaceae_RC9_gut_group	Bacteroidales_oral	1449
cluster598_HDZ-culi-322-S133	95.4	AB267478	Bacteria	Bacteroidetes	Chitinophagia	Chitinophagales	Chitinophagaceae	Segetibacter	koreensis	1444
cluster3211_HDZ-culi-437-S253	86.9	4371888	Bacteria	Firmicutes	Clostridia	Clostridiales	Peptococcaceae	Desulfosporosinus	meridiei	1449
cluster1685_HDZ-culi-408-S338	86.6	MK521456	Bacteria	Bacteroidetes	Bacteroidia	Bacteroidales	Muribaculaceae	Duncaniella	freteri	1443
cluster2576_HDZ-culi-400-S331	90.9	LT558847	Bacteria	Bacteroidetes	Bacteroidia	Bacteroidales	Bacteroidaceae	Mediterranea	massiliensis	1443
cluster1748_HDZ-culi-269-S309	96.2	CYZM01000020.534.2044	Bacteria	Firmicutes	Clostridia	Oscillospirales	Oscillospiraceae	Colidextribacter	Anaerostipes_hadrus	1441
cluster2793_HDZ-culi-318-S156	87.2	HM120211	Bacteria	Firmicutes	Clostridia	Clostridiales	Lachnospiraceae	Oribacterium	asaccharolyticum	1441
cluster2871_HDZ-culi-198-S88	94.5	NZ_AAXG02000048.1	Bacteria	Firmicutes	Clostridia	Clostridiales	Ruminococcaceae	Pseudoflavonifractor	capillosus	1443
cluster4076_HDZ-culi-330-S323	96.2	NR_113231	Bacteria	Firmicutes	Clostridia	Clostridiales	Lachnospiraceae	Blautia	glucerasea	1441
cluster4659_HDZ-culi-167-S198	87.0	HM120211	Bacteria	Firmicutes	Clostridia	Clostridiales	Lachnospiraceae	Oribacterium	asaccharolyticum	1441
cluster514_HDZ-culi-364-S210	99.9	CP011073.4368909.4370448	Bacteria	Bacteroidota	Bacteroidia	Bacteroidales	Bacteroidaceae	Bacteroides	Bacteroides_fragilis	1441
cluster6582_HDZ-culi-085-S92	94.3	CP022464.5546812.5548355	Bacteria	Firmicutes	Clostridia	Lachnospirales	Lachnospiraceae	Lachnoclostridium	[Clostridium]_bolteae	1444
cluster6859_HDZ-culi-013-S8	99.8	CP013020.522312.523836	Bacteria	Bacteroidota	Bacteroidia	Bacteroidales	Bacteroidaceae	Bacteroides	Bacteroides_vulgatus	1441
cluster1016_HDZ-culi-429-E1-S355	99.9	KM098109	Bacteria	Firmicutes	Clostridia	Clostridiales	Ruminococcaceae	Ruthenibacterium	lactatiformans	1440
cluster1086_HDZ-culi-057-S233	98.6	NR_113072	Bacteria	Bacteroidetes	Bacteroidia	Bacteroidales	Bacteroidaceae	Bacteroides	rodentium	1440
cluster1288_HDZ-culi-377-S287	91.6	LT558847	Bacteria	Bacteroidetes	Bacteroidia	Bacteroidales	Bacteroidaceae	Mediterranea	massiliensis	1442
cluster1143_HDZ-culi-372-S218	93.1	AB021157.1.1508	Bacteria	Bacteroidota	Bacteroidia	Bacteroidales	Bacteroidaceae	Bacteroides	Bacteroides_acidifaciens	1440
cluster4995_HDZ-culi-330-S323	94.2	AGZQ01000017.129.1643	Bacteria	Bacteroidota	Bacteroidia	Bacteroidales	Tannerellaceae	Parabacteroides	Parabacteroides_merdae	1443
cluster1850_HDZ-culi-401-S332	93.3	2506490	Bacteria	Firmicutes	Clostridia	Clostridiales	Lachnospiraceae	[Ruminococcus]	torques	1438
cluster2169_HDZ-culi-328-S158	95.4	X96961	Bacteria	Firmicutes	Clostridia	Clostridiales	Eubacteriaceae	Eubacterium	callanderi	1440
cluster1080_HDZ-culi-364-S210	100.0	AGZQ01000017.129.1643	Bacteria	Bacteroidota	Bacteroidia	Bacteroidales	Tannerellaceae	Parabacteroides	Parabacteroides_merdae	1440
cluster2186_HDZ-culi-197-S202	86.6	LT576394	Bacteria	Bacteroidetes	Bacteroidia	Bacteroidales	Prevotellaceae	Prevotellamassilia	timonensis	1445
cluster2417_HDZ-culi-350-S174	99.9	CP020646.2825767.2827306	Bacteria	Proteobacteria	Gammaproteobacteria	Burkholderiales	Alcaligenaceae	Bordetella	Bordetella_parapertussis	1440
cluster289_HDZ-culi-322-S133	96.4	200840	Bacteria	Proteobacteria	Betaproteobacteria	Burkholderiales	Comamonadaceae	Methylibium	petroleiphilum	1440
cluster2932_HDZ-culi-085-S92	93.8	2559579	Bacteria	Firmicutes	Clostridia	Clostridiales	Lachnospiraceae	Clostridium	clostridioforme	1440
cluster3275_HDZ-culi-437-S253	85.5	NR_074647	Bacteria	Spirochaetes	Spirochaetia	Spirochaetales	Sphaerochaetaceae	Sphaerochaeta	coccoides	1446
cluster3185_HDZ-culi-408-S338	93.7	LT630003.3648243.3649778	Bacteria	Firmicutes	Clostridia	Lachnospirales	Lachnospiraceae	Lachnoclostridium	[Clostridium]_sphenoides	1440
cluster749_HDZ-culi-322-S133	92.2	KJ634465	Bacteria	Bacteroidetes	Chitinophagia	Chitinophagales	Chitinophagaceae	Parasegetibacter	terrae	1444
cluster3411_HDZ-culi-400-S331	86.3	AY341819.1.1449	Bacteria	Bacteroidota	Bacteroidia	Bacteroidales	Rikenellaceae	Rikenellaceae_RC9_gut_group	Bacteroidales_genomosp.	1445
cluster439_HDZ-culi-322-S133	87.4	KY386500	Bacteria	Abditibacteriota	Abditibacteria	Abditibacteriales	Abditibacteriaceae	Abditibacterium	utsteinense	1442
cluster8750_HDZ-culi-065-S4	99.8	ABGD02000021.1868.3380	Bacteria	Firmicutes	Clostridia	Oscillospirales	Ruminococcaceae	Anaerotruncus	Anaerotruncus_colihominis	1440
cluster179_HDZ-culi-322-S133	97.1	CP015118.5703155.5704693	Bacteria	Proteobacteria	Gammaproteobacteria	Burkholderiales	Comamonadaceae	Rhizobacter	Rhizobacter_gummiphilus	1439
cluster2743_HDZ-culi-091-S236	87.5	AJ505973	Bacteria	Firmicutes	Clostridia	Clostridiales	Lachnospiraceae	Marvinbryantia	formatexigens	1442
cluster273_HDZ-culi-322-S133	97.3	200840	Bacteria	Proteobacteria	Betaproteobacteria	Burkholderiales	Comamonadaceae	Methylibium	petroleiphilum	1439
cluster2935_HDZ-culi-437-S253	99.7	CYZE01000004.470365.471876	Bacteria	Firmicutes	Clostridia	Lachnospirales	Lachnospiraceae	Hungatella	Hungatella_hathewayi	1439
cluster3403_HDZ-culi-437-S253	100.0	AB490804	Bacteria	Bacteroidetes	Bacteroidia	Bacteroidales	Rikenellaceae	Alistipes	indistinctus	1439
cluster1432_HDZ-culi-271-S311	83.5	MK521456	Bacteria	Bacteroidetes	Bacteroidia	Bacteroidales	Muribaculaceae	Duncaniella	freteri	1440
cluster451_HDZ-culi-322-S133	97.4	4469250	Bacteria	Proteobacteria	Betaproteobacteria	Burkholderiales	Comamonadaceae	Methylibium	petroleiphilum	1439
cluster613_HDZ-culi-364-S210	98.6	90431	Bacteria	Firmicutes	Clostridia	Clostridiales	Lachnospiraceae	Clostridium	hathewayi	1439
cluster12294_HDZ-culi-013-S8	99.9	X96961	Bacteria	Firmicutes	Clostridia	Clostridiales	Eubacteriaceae	Eubacterium	callanderi	1438
cluster1961_HDZ-culi-390-S267	96.4	NR_113231	Bacteria	Firmicutes	Clostridia	Clostridiales	Lachnospiraceae	Blautia	glucerasea	1438
cluster2967_HDZ-culi-035-S185	83.3	MK521456	Bacteria	Bacteroidetes	Bacteroidia	Bacteroidales	Muribaculaceae	Duncaniella	freteri	1440
cluster3775_HDZ-culi-408-S338	94.0	AB443949	Bacteria	Bacteroidetes	Bacteroidia	Bacteroidales	Odoribacteraceae	Butyricimonas	virosa	1439
cluster2722_HDZ-culi-243-S143	96.2	LN881607	Bacteria	Firmicutes	Clostridia	Clostridiales	Lachnospiraceae	Mediterraneibacter	massiliensis	1438
cluster2514_HDZ-culi-445-S297	99.2	CP012937.5517779.5519304	Bacteria	Bacteroidota	Bacteroidia	Bacteroidales	Bacteroidaceae	Bacteroides	Bacteroides_thetaiotaomicron	1438
cluster3361_HDZ-culi-245-S145	96.2	NR_113231	Bacteria	Firmicutes	Clostridia	Clostridiales	Lachnospiraceae	Blautia	glucerasea	1438
cluster4475_HDZ-culi-169-S244	94.2	ACCJ01000522.48.1565	Bacteria	Firmicutes	Clostridia	Lachnospirales	Lachnospiraceae	Lachnoclostridium	[Clostridium_asparagiforme]	1438
cluster4260_HDZ-culi-219-S81	95.4	LN881607	Bacteria	Firmicutes	Clostridia	Clostridiales	Lachnospiraceae	Mediterraneibacter	massiliensis	1438
cluster1484_HDZ-culi-377-S287	100.0	LT622246.5345680.5347196	Bacteria	Bacteroidota	Bacteroidia	Bacteroidales	Bacteroidaceae	Bacteroides	Bacteroides_ovatus	1437
cluster10336_HDZ-culi-321-S132	93.5	851797	Bacteria	Firmicutes	Clostridia	Clostridiales	Lachnospiraceae	Clostridium	bolteae	1439
cluster10870_HDZ-culi-014-S18	96.1	NR_113231	Bacteria	Firmicutes	Clostridia	Clostridiales	Lachnospiraceae	Blautia	glucerasea	1437
cluster1230_HDZ-culi-429-E1-S355	94.5	CP016786.2757321.2758841	Bacteria	Firmicutes	Clostridia	Clostridiales	Clostridiaceae	Clostridium_sensu_stricto_1	Clostridium_isatidis	1440
cluster1869_HDZ-culi-047-S190	96.2	NR_113231	Bacteria	Firmicutes	Clostridia	Clostridiales	Lachnospiraceae	Blautia	glucerasea	1437
cluster2730_HDZ-culi-319-S157	87.1	NR_113097	Bacteria	Bacteroidetes	Bacteroidia	Bacteroidales	Prevotellaceae	Prevotella	buccae	1445
cluster3287_HDZ-culi-437-S253	81.8	AJJU01000016.421.1936	Bacteria	Bacteroidota	Bacteroidia	Flavobacteriales	Flavobacteriaceae	Imtechella	Imtechella_halotolerans	1437
cluster2456_HDZ-culi-362-S208	92.2	KX592860.1.1450	Bacteria	Firmicutes	Clostridia	Lachnospirales	Lachnospiraceae	Eisenbergiella	Eisenbergiella_tayi	1432
cluster4771_HDZ-culi-219-S81	100.0	CP022464.13418.14963	Bacteria	Firmicutes	Clostridia	Lachnospirales	Lachnospiraceae	Lachnoclostridium	[Clostridium]_bolteae	1437
cluster4305_HDZ-culi-224-S123	92.3	CP000140.3253636.3255132	Bacteria	Bacteroidota	Bacteroidia	Bacteroidales	Tannerellaceae	Parabacteroides	Parabacteroides_distasonis	1437
cluster5037_HDZ-culi-219-S81	99.7	AQHW01000007.13.1527	Bacteria	Bacteroidota	Bacteroidia	Bacteroidales	Tannerellaceae	Parabacteroides	Parabacteroides_gordonii	1437
cluster635_HDZ-culi-322-S133	98.4	837889	Bacteria	Proteobacteria	Betaproteobacteria	Burkholderiales	Comamonadaceae	Rubrivivax	gelatinosus	1438
cluster6873_HDZ-culi-174-S247	96.2	NR_113231	Bacteria	Firmicutes	Clostridia	Clostridiales	Lachnospiraceae	Blautia	glucerasea	1437
cluster727_HDZ-culi-364-S210	96.5	AY353957	Bacteria	Firmicutes	Clostridia	Clostridiales	Lachnospiraceae	Lacrimispora	amygdalina	1438
cluster6986_HDZ-culi-065-S4	96.4	CP014991.37749.39227	Bacteria	Campilobacterota	Campylobacteria	Campylobacterales	Helicobacteraceae	Helicobacter	Helicobacter_himalayensis	1438
cluster1325_HDZ-culi-377-S287	94.0	635820	Bacteria	Firmicutes	Clostridia	Clostridiales	Lachnospiraceae	Clostridium	lavalense	1436
cluster2454_HDZ-culi-400-S331	91.9	4309707	Bacteria	Bacteroidetes	Bacteroidia	Bacteroidales	Porphyromonadaceae	Parabacteroides	distasonis	1436
cluster2278_HDZ-culi-437-S253	90.8	4212521	Bacteria	Bacteroidetes	Bacteroidia	Bacteroidales	Porphyromonadaceae	Parabacteroides	distasonis	1437
cluster2604_HDZ-culi-388-S265	94.5	LT576406.1.1493	Bacteria	Firmicutes	Clostridia	Lachnospirales	Lachnospiraceae	Lachnoclostridium	Lachnoclostridium_urinimassiliense	1438
cluster1829_HDZ-culi-330-S323	91.6	4212521	Bacteria	Bacteroidetes	Bacteroidia	Bacteroidales	Porphyromonadaceae	Parabacteroides	distasonis	1437
cluster3150_HDZ-culi-408-S338	91.6	EU136681.1.1911	Bacteria	Bacteroidota	Bacteroidia	Bacteroidales	Tannerellaceae	Parabacteroides	Parabacteroides_distasonis	1436
cluster2664_HDZ-culi-408-S338	91.9	CP000140.3253636.3255132	Bacteria	Bacteroidota	Bacteroidia	Bacteroidales	Tannerellaceae	Parabacteroides	Parabacteroides_distasonis	1436
cluster3913_HDZ-culi-405-S335	92.0	KX592860.1.1450	Bacteria	Firmicutes	Clostridia	Lachnospirales	Lachnospiraceae	Eisenbergiella	Eisenbergiella_tayi	1431
cluster5325_HDZ-culi-330-S323	91.2	4212521	Bacteria	Bacteroidetes	Bacteroidia	Bacteroidales	Porphyromonadaceae	Parabacteroides	distasonis	1437
cluster1772_HDZ-culi-192-S75	94.7	2559579	Bacteria	Firmicutes	Clostridia	Clostridiales	Lachnospiraceae	Clostridium	clostridioforme	1437
cluster2144_HDZ-culi-197-S202	87.7	HM120211	Bacteria	Firmicutes	Clostridia	Clostridiales	Lachnospiraceae	Oribacterium	asaccharolyticum	1435
cluster1824_HDZ-culi-408-S338	99.9	NR_144731.1	Bacteria	Firmicutes	Clostridia	Clostridiales	Lachnospiraceae	Eisenbergiella	massiliensis	1435
cluster2736_HDZ-culi-243-S143	99.6	DQ279737	Bacteria	Firmicutes	Clostridia	Clostridiales	Lachnospiraceae	Enterocloster	citroniae	1420
cluster3588_HDZ-culi-098-S238	93.9	ACCJ01000522.48.1565	Bacteria	Firmicutes	Clostridia	Lachnospirales	Lachnospiraceae	Lachnoclostridium	[Clostridium_asparagiforme]	1435
cluster739_HDZ-culi-322-S133	91.4	KJ634465	Bacteria	Bacteroidetes	Chitinophagia	Chitinophagales	Chitinophagaceae	Parasegetibacter	terrae	1439
cluster4202_HDZ-culi-258-S162	94.0	ACCJ01000522.48.1565	Bacteria	Firmicutes	Clostridia	Lachnospirales	Lachnospiraceae	Lachnoclostridium	[Clostridium_asparagiforme]	1435
cluster4115_HDZ-culi-270-S310	99.7	103941	Bacteria	Firmicutes	Clostridia	Clostridiales	Clostridiaceae	Clostridium	paraputrificum	1435
cluster1245_HDZ-culi-202-E1-S348	95.7	2559579	Bacteria	Firmicutes	Clostridia	Clostridiales	Lachnospiraceae	Clostridium	clostridioforme	1436
cluster2620_HDZ-culi-408-S338	96.2	AB298756	Bacteria	Firmicutes	Clostridia	Clostridiales	Lachnospiraceae	Anaerotignum	aminivorans	1435
cluster3685_HDZ-culi-408-S338	91.1	4212521	Bacteria	Bacteroidetes	Bacteroidia	Bacteroidales	Porphyromonadaceae	Parabacteroides	distasonis	1435
cluster1196_HDZ-culi-322-S133	96.0	NR_163626.1	Bacteria	Bacteroidetes	Cytophagia	Cytophagales	Hymenobacteraceae	Adhaeribacter	swui	1434
cluster1766_HDZ-culi-269-S309	92.3	HM120211	Bacteria	Firmicutes	Clostridia	Clostridiales	Lachnospiraceae	Oribacterium	asaccharolyticum	1430
cluster1908_HDZ-culi-269-S309	94.4	2559579	Bacteria	Firmicutes	Clostridia	Clostridiales	Lachnospiraceae	Clostridium	clostridioforme	1435
cluster3670_HDZ-culi-408-S338	91.8	4212521	Bacteria	Bacteroidetes	Bacteroidia	Bacteroidales	Porphyromonadaceae	Parabacteroides	distasonis	1435
cluster3169_HDZ-culi-408-S338	94.6	851797	Bacteria	Firmicutes	Clostridia	Clostridiales	Lachnospiraceae	Clostridium	bolteae	1437
cluster3985_HDZ-culi-437-S253	87.1	212341	Bacteria	Firmicutes	Clostridia	Clostridiales	Lachnospiraceae	Blautia	producta	1444
cluster4740_HDZ-culi-271-S311	90.7	NR_074535	Bacteria	Bacteroidetes	Bacteroidia	Bacteroidales	Odoribacteraceae	Odoribacter	splanchnicus	1434
cluster4799_HDZ-culi-219-S81	99.7	ACCJ01000522.48.1565	Bacteria	Firmicutes	Clostridia	Lachnospirales	Lachnospiraceae	Lachnoclostridium	[Clostridium_asparagiforme]	1433
cluster992_HDZ-culi-450-S322	82.5	1145458	Bacteria	Firmicutes	Erysipelotrichi	Erysipelotrichales	Erysipelotrichaceae	Asteroleplasma	anaerobium	1432
cluster5594_HDZ-culi-437-S253	99.6	MH043116	Bacteria	Firmicutes	Clostridia	Clostridiales	Ruminococcaceae	Hydrogeniiclostridium	mannosilyticum	1433
cluster1059_HDZ-culi-322-S133	86.2	AB529679.1.1438	Bacteria	Armatimonadota	Armatimonadia	Armatimonadales	Armatimonadaceae	Armatimonas	Armatimonas_rosea	1432
cluster1319_HDZ-culi-364-S210	99.6	CP012801.1646789.1648308	Bacteria	Bacteroidota	Bacteroidia	Bacteroidales	Bacteroidaceae	Bacteroides	Bacteroides_cellulosilyticus	1432
cluster2906_HDZ-culi-088-S234	91.9	KX592860.1.1450	Bacteria	Firmicutes	Clostridia	Lachnospirales	Lachnospiraceae	Eisenbergiella	Eisenbergiella_tayi	1429
cluster4097_HDZ-culi-437-S253	98.7	CP012801.2258604.2260119	Bacteria	Bacteroidota	Bacteroidia	Bacteroidales	Bacteroidaceae	Bacteroides	Bacteroides_cellulosilyticus	1431
cluster4949_HDZ-culi-437-S253	92.3	FXLN01000003.742202.743700	Bacteria	Firmicutes	Clostridia	Oscillospirales	Ruminococcaceae	Incertae_Sedis	Clostridium_merdae	1437
cluster3138_HDZ-culi-308-S117	99.6	396697	Bacteria	Firmicutes	Clostridia	Clostridiales	Clostridiaceae	Clostridium	perfringens	1426
cluster5273_HDZ-culi-327-S138	94.2	851797	Bacteria	Firmicutes	Clostridia	Clostridiales	Lachnospiraceae	Clostridium	bolteae	1437
cluster5589_HDZ-culi-330-S323	88.0	2559579	Bacteria	Firmicutes	Clostridia	Clostridiales	Lachnospiraceae	Clostridium	clostridioforme	1442
cluster5799_HDZ-culi-262-S165	87.5	214012	Bacteria	Firmicutes	Clostridia	Clostridiales	Lachnospiraceae	Blautia	producta	1442
cluster5814_HDZ-culi-330-S323	94.4	LT576406.1.1493	Bacteria	Firmicutes	Clostridia	Lachnospirales	Lachnospiraceae	Lachnoclostridium	Lachnoclostridium_urinimassiliense	1435
cluster6312_HDZ-culi-219-S81	87.4	212341	Bacteria	Firmicutes	Clostridia	Clostridiales	Lachnospiraceae	Blautia	producta	1442
cluster1680_HDZ-culi-364-S210	95.9	FN178463	Bacteria	Actinobacteria	Coriobacteriia	Coriobacteriales	Atopobiaceae	Olsenella	umbonata	1423
cluster3603_HDZ-culi-357-S180	97.4	X76748.1.1473	Bacteria	Firmicutes	Clostridia	Lachnospirales	Lachnospiraceae	Tyzzerella	[Clostridium]_colinum	1428
cluster4105_HDZ-culi-230-S277	87.6	214012	Bacteria	Firmicutes	Clostridia	Clostridiales	Lachnospiraceae	Blautia	producta	1441
cluster1225_HDZ-culi-322-S133	87.8	AB529679.1.1438	Bacteria	Armatimonadota	Armatimonadia	Armatimonadales	Armatimonadaceae	Armatimonas	Armatimonas_rosea	1431
cluster2294_HDZ-culi-400-S331	94.3	LC270126	Bacteria	Actinobacteria	Coriobacteriia	Coriobacteriales	Atopobiaceae	Parolsenella	catena	1432
cluster1711_HDZ-culi-364-S210	90.7	LT558849	Bacteria	Firmicutes	Clostridia	Clostridiales	Ruminococcaceae	Phocea	massiliensis	1434
cluster4525_HDZ-culi-408-S338	78.1	JQ805719.1.1575	Bacteria	Firmicutes	Bacilli	Lactobacillales	Enterococcaceae	Enterococcus	Enterococcus_gallinarum	1469
cluster4663_HDZ-culi-167-S198	94.7	AB490810	Bacteria	Proteobacteria	Gammaproteobacteria	Aeromonadales	Succinivibrionaceae	Succinatimonas	hippei	1433
cluster1376_HDZ-culi-322-S133	88.2	KY386500	Bacteria	Abditibacteriota	Abditibacteria	Abditibacteriales	Abditibacteriaceae	Abditibacterium	utsteinense	1427
cluster4782_HDZ-culi-437-S253	92.0	AB298771	Bacteria	Firmicutes	Clostridia	Clostridiales	Clostridiales_Incertae Sedis XIII	Aminipila	butyrica	1429
cluster3621_HDZ-culi-328-S158	91.7	AB298771	Bacteria	Firmicutes	Clostridia	Clostridiales	Clostridiales_Incertae Sedis XIII	Aminipila	butyrica	1428
cluster4342_HDZ-culi-408-S338	92.2	NR_115130	Bacteria	Firmicutes	Erysipelotrichia	Erysipelotrichales	Erysipelotrichaceae	Solobacterium	moorei	1427
cluster1634_HDZ-culi-176-S51	99.9	LS483461.9765.11265	Bacteria	Firmicutes	Clostridia	Clostridiales	Clostridiaceae	Clostridium_sensu_stricto_1	Clostridium_perfringens	1427
cluster4617_HDZ-culi-445-S297	99.7	NR_113384	Bacteria	Fusobacteria	Fusobacteriia	Fusobacteriales	Fusobacteriaceae	Fusobacterium	varium	1425
cluster5290_HDZ-culi-437-S253	91.2	LT576391	Bacteria	Firmicutes	Clostridia	Clostridiales	Clostridiales_Incertae Sedis XIII	Ihubacter	massiliensis	1425
cluster8130_HDZ-culi-249-S149	95.8	LT629759.2253783.2255301	Bacteria	Actinobacteriota	Coriobacteriia	Coriobacteriales	Atopobiaceae	Olsenella	Olsenella_umbonata	1427
cluster5020_HDZ-culi-270-S310	100.0	AB567726.1.1476	Bacteria	Firmicutes	Clostridia	Clostridiales	Clostridiaceae	Clostridium_sensu_stricto_1	Clostridium_baratii	1424
cluster1837_HDZ-culi-389-S266	98.8	X76649	Bacteria	Firmicutes	Clostridia	Clostridiales	Clostridiaceae 1	Sarcina	ventriculi	1423
cluster4559_HDZ-culi-437-S253	99.5	KU999999	Bacteria	Firmicutes	Clostridia	Clostridiales	Ruminococcaceae	Harryflintia	acetispora	1363
cluster4852_HDZ-culi-341-S170	94.2	NR_113164	Bacteria	Actinobacteria	Coriobacteriia	Coriobacteriales	Coriobacteriaceae	Collinsella	stercoris	1423
cluster4939_HDZ-culi-311-S120	99.6	76200	Bacteria	Firmicutes	Clostridia	Clostridiales	Clostridiaceae	Clostridium	colicanis	1424
cluster8600_HDZ-culi-224-S123	97.0	HG726039.1.1478	Bacteria	Firmicutes	Clostridia	Clostridiales	Clostridiaceae	Clostridium_sensu_stricto_1	Clostridium_saudiense	1425
cluster1463_HDZ-culi-322-S133	88.3	AB529679.1.1438	Bacteria	Armatimonadota	Armatimonadia	Armatimonadales	Armatimonadaceae	Armatimonas	Armatimonas_rosea	1429
cluster3186_HDZ-culi-381-S327	95.8	NR_118517	Bacteria	Campilobacterota	Campylobacteria	Campylobacterales	Campylobacteraceae	Campylobacter	helveticus	1423
cluster1514_HDZ-culi-364-S210	91.7	LT576391	Bacteria	Firmicutes	Clostridia	Clostridiales	Clostridiales_Incertae Sedis XIII	Ihubacter	massiliensis	1422
cluster3929_HDZ-culi-250-S150	96.1	NR_118517	Bacteria	Campilobacterota	Campylobacteria	Campylobacterales	Campylobacteraceae	Campylobacter	helveticus	1422
cluster5037_HDZ-culi-361-S184	96.6	MK791741	Bacteria	Campilobacterota	Campylobacteria	Campylobacterales	Campylobacteraceae	Campylobacter	novaezeelandiae	1421
cluster4874_HDZ-culi-398-S329	96.8	MK791741	Bacteria	Campilobacterota	Campylobacteria	Campylobacterales	Campylobacteraceae	Campylobacter	novaezeelandiae	1421
cluster3718_HDZ-culi-437-S253	93.9	NR_113165	Bacteria	Actinobacteria	Coriobacteriia	Coriobacteriales	Coriobacteriaceae	Collinsella	intestinalis	1419
cluster2675_HDZ-culi-392-S269	95.9	CP020478.1718881.1720381	Bacteria	Campilobacterota	Campylobacteria	Campylobacterales	Campylobacteraceae	Campylobacter	Campylobacter_helveticus	1422
cluster5018_HDZ-culi-398-S329	94.6	NR_113273	Bacteria	Actinobacteria	Coriobacteriia	Coriobacteriales	Coriobacteriaceae	Collinsella	tanakaei	1419
cluster5394_HDZ-culi-203-S203	90.8	LT576391	Bacteria	Firmicutes	Clostridia	Clostridiales	Clostridiales_Incertae Sedis XIII	Ihubacter	massiliensis	1420
cluster1983_HDZ-culi-233-S280	95.2	NR_113165	Bacteria	Actinobacteria	Coriobacteriia	Coriobacteriales	Coriobacteriaceae	Collinsella	intestinalis	1418
cluster6367_HDZ-culi-408-S338	95.1	LT598547	Bacteria	Actinobacteria	Coriobacteriia	Coriobacteriales	Coriobacteriaceae	Collinsella	vaginalis	1418
cluster3840_HDZ-culi-328-S158	91.0	AB298771	Bacteria	Firmicutes	Clostridia	Clostridiales	Clostridiales_Incertae Sedis XIII	Aminipila	butyrica	1423
cluster6469_HDZ-culi-262-S165	94.4	NR_113165	Bacteria	Actinobacteria	Coriobacteriia	Coriobacteriales	Coriobacteriaceae	Collinsella	intestinalis	1418
cluster1559_HDZ-culi-322-S133	90.4	KY386500	Bacteria	Abditibacteriota	Abditibacteria	Abditibacteriales	Abditibacteriaceae	Abditibacterium	utsteinense	1420
cluster2092_HDZ-culi-336-S159	93.6	NR_113164	Bacteria	Actinobacteria	Coriobacteriia	Coriobacteriales	Coriobacteriaceae	Collinsella	stercoris	1418
cluster2092_HDZ-culi-444-S296	92.8	NR_147399.1	Bacteria	Actinobacteria	Coriobacteriia	Coriobacteriales	Coriobacteriaceae	Collinsella	phocaeensis	1419
cluster5385_HDZ-culi-437-S253	91.9	AB298771	Bacteria	Firmicutes	Clostridia	Clostridiales	Clostridiales_Incertae Sedis XIII	Aminipila	butyrica	1422
cluster1424_HDZ-culi-322-S133	92.3	NR_102439	Bacteria	Planctomycetes	Planctomycetacia	Planctomycetales	Isosphaeraceae	Singulisphaera	acidiphila	1421
cluster5893_HDZ-culi-437-S253	95.1	2136916	Bacteria	Lentisphaerae	[Lentisphaeria]	Victivallales	Victivallaceae	Victivallis	vadensis	1419
cluster9340_HDZ-culi-054-S192	95.6	NR_113165	Bacteria	Actinobacteria	Coriobacteriia	Coriobacteriales	Coriobacteriaceae	Collinsella	intestinalis	1418
cluster16113_HDZ-culi-020-S12	95.0	NR_113165	Bacteria	Actinobacteria	Coriobacteriia	Coriobacteriales	Coriobacteriaceae	Collinsella	intestinalis	1416
cluster3977_HDZ-culi-166-S197	95.1	523889	Bacteria	Actinobacteria	Coriobacteriia	Coriobacteriales	Coriobacteriaceae	Olsenella	profusa	1415
cluster1454_HDZ-culi-322-S133	93.6	D86512	Bacteria	Proteobacteria	Alphaproteobacteria	Rhodospirillales	Acetobacteraceae	Acidisphaera	rubrifaciens	1412
cluster1495_HDZ-culi-322-S133	93.3	D86512	Bacteria	Proteobacteria	Alphaproteobacteria	Rhodospirillales	Acetobacteraceae	Acidisphaera	rubrifaciens	1412
cluster6020_HDZ-culi-024-S19	98.2	LN555523.2388619.2390111	Bacteria	Firmicutes	Clostridia	Peptostreptococcales	Tissierellales	Peptostreptococcaceae	Romboutsia	Romboutsia_ilealis	1411
cluster1721_HDZ-culi-322-S133	98.0	NR_113760	Bacteria	Proteobacteria	Alphaproteobacteria	Sphingomonadales	Sphingomonadaceae	Sphingomonas	pruni	1409
cluster5217_HDZ-culi-398-S329	97.3	KC517358.1.1476	Bacteria	Firmicutes	Clostridia	Peptostreptococcales	Tissierellales	Peptostreptococcaceae	Romboutsia	[Clostridium]_dakarense	1419
cluster1841_HDZ-culi-322-S133	96.6	NR_148576.1	Bacteria	Planctomycetes	Planctomycetacia	Planctomycetales	Gemmataceae	Gemmata	massiliana	1405
cluster2093_HDZ-culi-322-S133	97.9	FJ194436	Bacteria	Proteobacteria	Alphaproteobacteria	Sphingomonadales	Sphingomonadaceae	Sphingomonas	hankookensis	1402
cluster1824_HDZ-culi-322-S133	87.4	MH265951	Bacteria	Proteobacteria	Alphaproteobacteria	Rhodospirillales	Azospirillaceae	Azospirillum	thermophilum	1413
cluster2108_HDZ-culi-322-S133	95.0	KT321369	Bacteria	Proteobacteria	Alphaproteobacteria	Sphingomonadales	Sphingosinicellaceae	Sphingoaurantiacus	capsulatus	1402
cluster2196_HDZ-culi-322-S133	97.6	FJ834325	Bacteria	Proteobacteria	Alphaproteobacteria	Sphingomonadales	Sphingomonadaceae	Sphingomonas	rubra	1400
cluster5714_HDZ-culi-354-S177	77.6	M88154.1.1833	Bacteria	Campilobacterota	Campylobacteria	Campylobacterales	Helicobacteraceae	Helicobacter	Helicobacter_fennelliae	1759
cluster1492_HDZ-culi-322-S133	94.8	D86512	Bacteria	Proteobacteria	Alphaproteobacteria	Rhodospirillales	Acetobacteraceae	Acidisphaera	rubrifaciens	1399
cluster1884_HDZ-culi-322-S133	98.9	KX129819	Bacteria	Proteobacteria	Alphaproteobacteria	Rhodospirillales	Acetobacteraceae	Roseomonas	nepalensis	1395
cluster1592_HDZ-culi-322-S133	94.3	1143368	Bacteria	Proteobacteria	Alphaproteobacteria	Rhodospirillales	Acetobacteraceae	Belnapia	moabensis	1396
cluster2105_HDZ-culi-322-S133	96.3	CP015583.172392.173889	Bacteria	Proteobacteria	Alphaproteobacteria	Acetobacterales	Acetobacteraceae	Roseomonas	Roseomonas_gilardii	1395
cluster2276_HDZ-culi-322-S133	96.3	KC992737	Bacteria	Proteobacteria	Alphaproteobacteria	Rhizobiales	Methylobacteriaceae	Enterovirga	rhinocerotis	1397
cluster1789_HDZ-culi-322-S133	93.9	CP026100.325567.327055	Bacteria	Proteobacteria	Alphaproteobacteria	Caulobacterales	Caulobacteraceae	Caulobacter	Caulobacter_flavus	1394
cluster2380_HDZ-culi-322-S133	96.4	KC992737	Bacteria	Proteobacteria	Alphaproteobacteria	Rhizobiales	Methylobacteriaceae	Enterovirga	rhinocerotis	1396
cluster1443_HDZ-culi-322-S133	95.6	AF465832	Bacteria	Proteobacteria	Alphaproteobacteria	Rhodospirillales	Acetobacteraceae	Rubritepida	flocculans	1391
cluster1344_HDZ-culi-322-S133	95.5	AF465832	Bacteria	Proteobacteria	Alphaproteobacteria	Rhodospirillales	Acetobacteraceae	Rubritepida	flocculans	1391
cluster1987_HDZ-culi-322-S133	94.1	AB510913	Bacteria	Proteobacteria	Alphaproteobacteria	Rhodospirillales	Stellaceae	Constrictibacter	antarcticus	1397
cluster2058_HDZ-culi-322-S133	89.7	MG928499	Bacteria	Proteobacteria	Alphaproteobacteria	Rhodospirillales	Azospirillaceae	Skermanella	pratensis	1405
cluster3889_HDZ-culi-263-S166	73.9	AFAL01000415.21395.22907	Bacteria	Proteobacteria	Gammaproteobacteria	Burkholderiales	Comamonadaceae	Verminephrobacter	Verminephrobacter_aporrectodeae	1455
cluster2477_HDZ-culi-322-S133	94.9	CP026100.325567.327055	Bacteria	Proteobacteria	Alphaproteobacteria	Caulobacterales	Caulobacteraceae	Caulobacter	Caulobacter_flavus	1387
cluster2290_HDZ-culi-322-S133	95.6	NR_113738	Bacteria	Proteobacteria	Alphaproteobacteria	Rhizobiales	Phyllobacteriaceae	Mesorhizobium	huakuii	1388
cluster2297_HDZ-culi-322-S133	96.0	AB680817.1.1410	Bacteria	Proteobacteria	Alphaproteobacteria	Rhizobiales	Rhizobiaceae	Mesorhizobium	Mesorhizobium_huakuii	1387
cluster2395_HDZ-culi-322-S133	94.2	CP026100.325567.327055	Bacteria	Proteobacteria	Alphaproteobacteria	Caulobacterales	Caulobacteraceae	Caulobacter	Caulobacter_flavus	1387
cluster2458_HDZ-culi-322-S133	93.1	1105085	Bacteria	Proteobacteria	Alphaproteobacteria	Caulobacterales	Caulobacteraceae	Asticcacaulis	biprosthecium	1387
cluster2841_HDZ-culi-322-S133	97.1	EF547368	Bacteria	Proteobacteria	Alphaproteobacteria	Rhodobacterales	Rhodobacteraceae	Rubellimicrobium	mesophilum	1372
cluster2215_HDZ-culi-322-S133	97.2	EF547368	Bacteria	Proteobacteria	Alphaproteobacteria	Rhodobacterales	Rhodobacteraceae	Rubellimicrobium	mesophilum	1371
cluster1675_HDZ-culi-322-S133	92.6	EU004198	Bacteria	Bacteroidetes	Cytophagia	Cytophagales	Cytophagaceae	Rhodocytophaga	aerolata	1340
cluster7247_HDZ-culi-220-S85	95.7	NR_118517	Bacteria	Campilobacterota	Campylobacteria	Campylobacterales	Campylobacteraceae	Campylobacter	helveticus	1357
cluster3927_HDZ-culi-273-S313	94.1	AB238928	Bacteria	Bacteroidetes	Bacteroidia	Bacteroidales	Porphyromonadaceae	Parabacteroides	merdae	1312
